{
  "variants": {
    "": [
       { "model": "block/end_stone", "weight": 200},
       { "model": "block/end_stone", "weight": 200 , "y": 90},
       { "model": "block/end_stone", "weight": 200 , "y": 180},
       { "model": "block/end_stone", "weight": 200 , "y": 270},
       { "model": "block/end_stone_rock", "weight": 2},
       { "model": "block/end_stone_rock", "weight": 2 , "y": 90},
       { "model": "block/end_stone_rock", "weight": 2 , "y": 180},
       { "model": "block/end_stone_rock", "weight": 2 , "y": 270},
       { "model": "block/end_stone_rock1", "weight": 2},
       { "model": "block/end_stone_rock1", "weight": 2 , "y": 90},
       { "model": "block/end_stone_rock1", "weight": 2 , "y": 180},
       { "model": "block/end_stone_rock1", "weight": 2 , "y": 270}

    ]
  }
}