{
    "multipart": [
        {   "apply": { "model": "block/sand" }
        },
        {   "apply": [
                { "model": "block/rock", "weight": 1 },
                { "model": "block/rock", "y": 90, "weight": 1 },
                { "model": "block/rock", "y": 180, "weight": 1 },
                { "model": "block/rock", "y": 270, "weight": 1 },
                { "model": "block/rock1", "weight": 1 },
                { "model": "block/rock1", "y": 90, "weight": 1 },
                { "model": "block/rock1", "y": 180, "weight": 1 },
                { "model": "block/rock1", "y": 270, "weight": 1 },
                { "model": "block/rock2", "weight": 1 },
                { "model": "block/rock2", "y": 90, "weight": 1 },
                { "model": "block/rock2", "y": 180, "weight": 1 },
                { "model": "block/rock2", "y": 270, "weight": 1 },
                { "model": "block/air", "weight": 300 }
            ]
        }
    ]
}
