{   
	"multipart": [
        {   "when": { "hanging": "false" },
            "apply": { "model": "block/lantern/soul_lantern_flame"}
        },
		{   "when": { "hanging": "false" },
            "apply": { "model": "minecraft:block/lantern/soul_lantern"}
        },
        {   "when": { "hanging": "true" },
            "apply": { "model": "block/lantern/soul_lantern_flame_hanging"}
        },
		{   "when": { "hanging": "true" },
            "apply": { "model": "minecraft:block/lantern/soul_lantern_hanging"}
        }
	]
}

